"Subject","Start.Date","Start.Time","End.Date","End.Time","All.day.event","Reminder.on.off","Reminder.Date","Reminder.Time","Meeting.Organizer","Required.Attendees","Optional.Attendees","Billing.Information","Location","Mileage","Priority","Private","Sensitivity","Show.time.as"
"Event 1","2/24/2017","12:00:00 AM","2/25/2017","12:00:00 AM","True","False","2/23/2017","6:00:00 AM","Person 1","","",NA,NA,NA,"Normal","False","Normal",3
"Event 2","2/22/2017","12:00:00 PM","2/22/2017","12:40:00 PM","False","False","2/22/2017","11:45:00 AM","Person 2","Person 32;Person 15;Person 33;Person 34;Person 5;Person 35;Person 7;Person 36;Person 37;Person 22;Person 38;Person 39;Person 40;Person 41;Person 31;Person 42;Person 43;Person 44;Person 11;Person 45","Person 24;Person 66;Person 1",NA,"Location 1",NA,"Normal","False","Normal",2
"Event 3","2/21/2017","12:00:00 AM","2/22/2017","12:00:00 AM","True","False","2/20/2017","11:45:00 PM","Person 1","","",NA,NA,NA,"Normal","False","Normal",2
"Event 4","2/22/2017","4:00:00 PM","2/22/2017","5:00:00 PM","False","False","2/22/2017","3:55:00 PM","Person 3","Person 24;Person 9;Person 1;Person 46;Person 47;Person 48;Person 49;Person 50","",NA,"Location 2",NA,"Normal","False","Normal",2
"Event 5","2/22/2017","1:30:00 PM","2/22/2017","2:30:00 PM","False","False","2/22/2017","1:15:00 PM","Person 1","Person 51","Person 5;Person 13",NA,"Location 3",NA,"Normal","False","Normal",2
"Event 6","2/24/2017","12:00:00 AM","2/25/2017","12:00:00 AM","True","False","2/23/2017","6:00:00 AM","Person 1","","",NA,NA,NA,"Normal","False","Normal",3
"Event 7","2/24/2017","12:00:00 AM","2/25/2017","12:00:00 AM","True","False","2/23/2017","6:00:00 AM","Person 1","","",NA,NA,NA,"Normal","False","Normal",3
"Event 8","2/16/2017","7:00:00 PM","2/16/2017","9:30:00 PM","False","False","2/16/2017","6:45:00 PM","Person 4","","Person 76",NA,NA,NA,"Normal","False","Normal",2
"Event 9","2/16/2017","1:00:00 PM","2/16/2017","2:00:00 PM","False","False","2/16/2017","12:45:00 PM","Person 5","Person 1;Person 13;Person 51","",NA,NA,NA,"Normal","False","Normal",1
"Event 10","2/14/2017","10:00:00 AM","2/14/2017","11:00:00 AM","False","False","2/14/2017","9:45:00 AM","Person 1","","",NA,NA,NA,"Normal","False","Normal",2
"Event 11","2/17/2017","2:00:00 PM","2/17/2017","2:30:00 PM","False","False","2/17/2017","1:45:00 PM","Person 6","Person 1","",NA,"Location 4",NA,"Normal","False","Normal",2
"Event 12","2/22/2017","12:00:00 AM","2/23/2017","12:00:00 AM","True","False","2/21/2017","6:00:00 AM","Person 1","","",NA,NA,NA,"Normal","False","Normal",3
"Event 13","2/15/2017","2:00:00 PM","2/15/2017","3:00:00 PM","False","False","2/15/2017","1:45:00 PM","Person 5","Person 2;Person 13;Person 1","",NA,"Location 2",NA,"Normal","False","Normal",2
"Event 14","2/13/2017","4:00:00 PM","2/13/2017","5:00:00 PM","False","False","2/13/2017","3:45:00 PM","Person 7","Person 11;Person 5;Person 8","Person 32;Person 13;Person 1;Person 51",NA,"Location 5",NA,"Normal","False","Normal",2
"Event 15","2/16/2017","12:30:00 PM","2/16/2017","2:30:00 PM","False","False","2/16/2017","12:15:00 PM","Person 8","Person 7;Person 5","Person 13;Person 1;Person 51",NA,"Location 6",NA,"Normal","False","Normal",2
"Event 16","2/20/2017","1:00:00 PM","2/20/2017","1:30:00 PM","False","True","2/20/2017","12:45:00 PM","Person 5","Person 1","",NA,"Location 7",NA,"Normal","False","Normal",2
"Event 17","2/7/2017","3:30:00 PM","2/7/2017","4:00:00 PM","False","False","2/7/2017","3:15:00 PM","Person 1","Person 51","",NA,"Location 4",NA,"Normal","False","Normal",2
"Event 18","2/10/2017","3:30:00 PM","2/10/2017","5:30:00 PM","False","False","2/10/2017","3:15:00 PM","Person 9","Person 5;Person 13;Person 1;Person 52;Person 51;Person 53;Person 11;Person 3;Person 24;Person 54;Person 55","",NA,"Location 5",NA,"Normal","False","Normal",2
"Event 19","2/8/2017","12:00:00 PM","2/8/2017","1:00:00 PM","False","False","2/8/2017","11:45:00 AM","Person 1","","",NA,NA,NA,"Normal","False","Normal",2
"Event 20","2/9/2017","2:00:00 PM","2/9/2017","3:00:00 PM","False","False","2/9/2017","1:45:00 PM","Person 1","","",NA,NA,NA,"Normal","False","Normal",2
"Event 21","2/9/2017","12:00:00 PM","2/9/2017","1:00:00 PM","False","False","2/9/2017","11:45:00 AM","Person 1","","",NA,NA,NA,"Normal","False","Normal",2
"Event 22","2/20/2017","12:00:00 AM","2/21/2017","12:00:00 AM","True","False","2/19/2017","6:00:00 AM","Person 1","","",NA,NA,NA,"Normal","False","Normal",3
"Event 23","2/2/2017","4:00:00 PM","2/2/2017","4:30:00 PM","False","False","2/2/2017","3:45:00 PM","Person 5","Person 13;Person 1;Person 51","",NA,"Location 4",NA,"Normal","False","Normal",2
"Event 24","1/30/2017","4:00:00 PM","1/30/2017","4:30:00 PM","False","False","1/30/2017","3:45:00 PM","Person 1","Person 5","",NA,"Location 4",NA,"Normal","False","Normal",2
"Event 25","1/30/2017","4:00:00 PM","1/30/2017","4:30:00 PM","False","False","1/30/2017","3:45:00 PM","Person 1","Person 5;Person 14","Person 22;Person 36;Person 100",NA,"Location 8",NA,"Normal","False","Normal",2
"Event 26","2/10/2017","2:30:00 PM","2/10/2017","3:30:00 PM","False","False","2/10/2017","2:15:00 PM","Person 10","Person 5;Person 56;Person 13;Person 1;Person 51;Person 7;Person 57;Person 8","",NA,NA,NA,"Normal","False","Normal",2
"Event 27","1/30/2017","1:00:00 PM","1/30/2017","1:40:00 PM","False","False","1/30/2017","12:45:00 PM","Person 2","Person 32;Person 15;Person 33;Person 34;Person 5;Person 35;Person 7;Person 36;Person 37;Person 22;Person 38;Person 39;Person 40;Person 41;Person 31;Person 42;Person 43;Person 44;Person 11","Person 1;Person 66",NA,"Location 9",NA,"Normal","False","Normal",2
"Event 28","2/7/2017","12:00:00 AM","2/8/2017","12:00:00 AM","True","False","2/6/2017","6:00:00 AM","Person 1","","",NA,NA,NA,"Normal","False","Normal",3
"Event 29","2/3/2017","12:00:00 PM","2/3/2017","1:00:00 PM","False","False","2/3/2017","11:45:00 AM","Person 9","Person 5;Person 13;Person 1;Person 52;Person 51;Person 53;Person 11;Person 3;Person 24","",NA,"Location 5",NA,"Normal","False","Normal",2
"Event 30","2/3/2017","12:00:00 AM","2/4/2017","12:00:00 AM","True","False","2/2/2017","6:00:00 AM","Person 1","","",NA,NA,NA,"Normal","False","Normal",3
"Event 31","2/17/2017","12:00:00 AM","2/18/2017","12:00:00 AM","True","False","2/16/2017","6:00:00 AM","Person 1","","",NA,NA,NA,"Normal","False","Normal",3
"Event 32","1/25/2017","10:30:00 AM","1/25/2017","11:00:00 AM","False","False","1/25/2017","10:15:00 AM","Person 11","Person 5;Person 3;Person 24;Person 54;Person 6;Person 58;Person 9;Person 30;Person 1;Person 13;Person 52;Person 51;Person 55","",NA,"Location 2",NA,"Normal","False","Normal",2
"Event 33","1/25/2017","1:30:00 PM","1/25/2017","2:00:00 PM","False","False","1/25/2017","1:15:00 PM","Person 5","Person 59;Person 60;Person 61;Person 1;Person 13","",NA,"Location 10",NA,"Normal","False","Normal",2
"Event 34","2/10/2017","11:30:00 AM","2/10/2017","12:30:00 PM","False","False","2/10/2017","11:15:00 AM","Person 12","Person 1;Person 62;Person 15;Person 5;Person 38;Person 7","Person 32;Person 8",NA,"Location 11",NA,"Normal","False","Normal",2
"Event 35","2/20/2017","12:00:00 AM","2/21/2017","12:00:00 AM","True","False","2/19/2017","6:00:00 AM","Person 1","","",NA,NA,NA,"Normal","False","Normal",3
"Event 36","1/31/2017","10:30:00 AM","1/31/2017","11:30:00 AM","False","False","1/31/2017","10:15:00 AM","Person 13","Person 5;Person 1;Person 51","",NA,NA,NA,"Normal","False","Normal",2
"Event 37","1/19/2017","4:30:00 PM","1/19/2017","5:30:00 PM","False","False","1/19/2017","4:15:00 PM","Person 1","Person 5","",NA,"Location 12",NA,"Normal","False","Normal",2
"Event 38","1/19/2017","3:00:00 PM","1/19/2017","3:30:00 PM","False","False","1/19/2017","2:45:00 PM","Person 1","Person 5","",NA,"Location 2",NA,"Normal","False","Normal",2
"Event 39","1/23/2017","3:00:00 PM","1/23/2017","4:00:00 PM","False","False","1/23/2017","2:45:00 PM","Person 1","Person 7;Person 8;Person 5","",NA,"Location 3",NA,"Normal","False","Normal",2
"Event 40","1/24/2017","12:00:00 AM","1/25/2017","12:00:00 AM","True","False","1/23/2017","6:00:00 AM","Person 1","","",NA,NA,NA,"Normal","False","Normal",3
"Event 41","1/17/2017","5:00:00 PM","1/17/2017","5:30:00 PM","False","False","1/17/2017","4:45:00 PM","Person 12","Person 63","Person 62;Person 56;Person 39;Person 36;Person 80;Person 40;Person 43;Person 21;Person 38;Person 88;Person 6",NA,"Location 13",NA,"Normal","False","Normal",2
"Event 42","1/23/2017","12:00:00 AM","1/24/2017","12:00:00 AM","True","False","1/22/2017","11:45:00 PM","","","",NA,NA,NA,"Normal","False","Normal",3
"Event 43","1/18/2017","1:00:00 PM","1/18/2017","2:00:00 PM","False","False","1/18/2017","12:45:00 PM","Person 1","Person 5","",NA,"Location 4",NA,"Normal","False","Normal",2
"Event 44","1/25/2017","12:00:00 AM","1/26/2017","12:00:00 AM","True","False","1/24/2017","6:00:00 AM","Person 1","","",NA,NA,NA,"Normal","False","Normal",3
"Event 45","1/17/2017","12:00:00 AM","1/18/2017","12:00:00 AM","True","False","1/16/2017","11:45:00 PM","","","",NA,NA,NA,"Normal","False","Normal",3
"Event 46","1/17/2017","12:00:00 AM","1/18/2017","12:00:00 AM","True","False","1/16/2017","11:45:00 PM","","","",NA,NA,NA,"Normal","False","Normal",3
"Event 47","2/7/2017","12:00:00 AM","2/8/2017","12:00:00 AM","True","False","2/6/2017","6:00:00 AM","Person 1","","",NA,NA,NA,"Normal","False","Normal",3
"Event 48","1/18/2017","12:00:00 AM","1/19/2017","12:00:00 AM","True","False","1/17/2017","11:45:00 PM","","","",NA,NA,NA,"Normal","False","Normal",3
"Event 49","1/27/2017","12:00:00 AM","1/28/2017","12:00:00 AM","True","False","1/26/2017","6:00:00 AM","Person 1","","",NA,NA,NA,"Normal","False","Normal",3
"Event 50","1/27/2017","12:00:00 AM","1/28/2017","12:00:00 AM","True","False","1/26/2017","6:00:00 AM","Person 1","","",NA,NA,NA,"Normal","False","Normal",3
"Event 51","1/26/2017","12:00:00 AM","1/27/2017","12:00:00 AM","True","False","1/25/2017","6:00:00 AM","Person 1","","",NA,NA,NA,"Normal","False","Normal",3
"Event 52","1/20/2017","12:00:00 AM","1/21/2017","12:00:00 AM","True","False","1/19/2017","11:45:00 PM","","","",NA,NA,NA,"Normal","False","Normal",3
"Event 53","1/24/2017","11:00:00 AM","1/24/2017","12:00:00 PM","False","False","1/24/2017","10:45:00 AM","Person 1","Person 51","",NA,"Location 4",NA,"Normal","False","Normal",2
"Event 54","1/12/2017","4:30:00 PM","1/12/2017","5:30:00 PM","False","False","1/12/2017","4:15:00 PM","Person 1","","",NA,"Location 4",NA,"Normal","False","Normal",2
"Event 55","1/12/2017","2:00:00 PM","1/12/2017","2:30:00 PM","False","False","1/12/2017","1:45:00 PM","Person 13","Person 51;Person 5;Person 1","",NA,"Location 4",NA,"Normal","False","Normal",2
"Event 56","1/12/2017","4:30:00 PM","1/12/2017","5:30:00 PM","False","False","1/12/2017","4:15:00 PM","Person 14","Person 22;Person 5;Person 13;Person 1;Person 36;Person 64;Person 41","",NA,"Location 14",NA,"Normal","False","Normal",2
"Event 57","1/11/2017","10:00:00 AM","1/11/2017","11:00:00 AM","False","False","1/11/2017","9:45:00 AM","Person 11","Person 54;Person 6;Person 58;Person 9;Person 1;Person 52;Person 51;Person 55;Person 5;Person 3;Person 24;Person 30;Person 13","",NA,"Location 15",NA,"Normal","False","Normal",1
"Event 58","1/12/2017","12:00:00 PM","1/12/2017","2:30:00 PM","False","False","1/12/2017","11:45:00 AM","Person 1","","",NA,NA,NA,"Normal","False","Normal",2
"Event 59","1/11/2017","12:00:00 PM","1/11/2017","2:30:00 PM","False","False","1/11/2017","11:45:00 AM","Person 1","","",NA,NA,NA,"Normal","False","Normal",2
"Event 60","1/10/2017","3:00:00 PM","1/10/2017","5:30:00 PM","False","False","1/10/2017","2:45:00 PM","Person 1","","",NA,NA,NA,"Normal","False","Normal",2
"Event 61","1/13/2017","2:00:00 PM","1/13/2017","3:00:00 PM","False","False","1/13/2017","1:45:00 PM","Person 1","Person 51","",NA,"Location 4",NA,"Normal","False","Normal",2
"Event 62","1/9/2017","3:30:00 PM","1/9/2017","4:00:00 PM","False","False","1/9/2017","3:15:00 PM","Person 1","Person 5","",NA,"Location 16",NA,"Normal","False","Normal",2
"Event 63","1/10/2017","11:30:00 AM","1/10/2017","1:30:00 PM","False","False","1/10/2017","11:15:00 AM","Person 6","Person 11;Person 3;Person 9;Person 5;Person 13;Person 1;Person 54;Person 52;Person 51;Person 55;Person 65","",NA,"Location 17",NA,"Normal","False","Normal",2
"Event 64","1/13/2017","12:30:00 PM","1/13/2017","1:30:00 PM","False","False","1/13/2017","12:15:00 PM","Person 15","Person 63;Person 37;Person 35;Person 55;Person 66","",NA,"Location 18",NA,"Normal","False","Normal",2
"Event 65","1/5/2017","9:45:00 AM","1/5/2017","10:00:00 AM","False","False","1/5/2017","9:40:00 AM","Person 3","Person 11;Person 24;Person 13;Person 5;Person 52;Person 51;Person 6","Person 1;Person 9",NA,"Location 19",NA,"Normal","False","Normal",1
"Event 66","1/9/2017","12:00:00 AM","1/14/2017","12:00:00 AM","True","False","1/8/2017","6:00:00 AM","Person 16","Person 1","",NA,"Location 20",NA,"Normal","False","Normal",3
"Event 67","12/22/2016","6:00:00 PM","12/22/2016","6:30:00 PM","False","False","12/22/2016","5:45:00 PM","Person 1","","",NA,NA,NA,"Normal","False","Normal",2
"Event 68","12/21/2016","10:00:00 AM","12/21/2016","10:30:00 AM","False","False","12/21/2016","9:45:00 AM","Person 11","Person 5;Person 3;Person 24;Person 54;Person 6;Person 53;Person 18;Person 58;Person 9;Person 30;Person 1;Person 13","",NA,"Location 8",NA,"Normal","False","Normal",1
"Event 62","12/20/2016","10:30:00 AM","12/20/2016","11:30:00 AM","False","False","12/20/2016","10:15:00 AM","Person 1","Person 5","",NA,"Location 4",NA,"Normal","False","Normal",2
"Event 69","12/20/2016","2:30:00 PM","12/20/2016","3:00:00 PM","False","False","12/20/2016","2:15:00 PM","Person 17","Person 1;Person 67;Person 13;Person 5","",NA,NA,NA,"Normal","False","Normal",2
"Event 70","12/21/2016","12:00:00 AM","12/22/2016","12:00:00 AM","True","False","12/20/2016","12:00:00 PM","Person 1","","",NA,NA,NA,"Normal","False","Normal",3
"Event 71","1/11/2017","8:00:00 AM","1/14/2017","7:00:00 PM","False","False","1/11/2017","7:45:00 AM","Person 16","Person 5;Person 13;Person 1","Person 9",NA,NA,NA,"Normal","False","Normal",3
"Event 72","12/14/2016","1:00:00 PM","12/14/2016","2:00:00 PM","False","False","12/14/2016","12:45:00 PM","Person 1","Person 5","",NA,"Location 4",NA,"Normal","False","Normal",2
"Event 73","12/13/2016","1:00:00 PM","12/13/2016","1:30:00 PM","False","False","12/13/2016","12:45:00 PM","Person 1","","",NA,NA,NA,"Normal","False","Normal",3
"Event 74","12/13/2016","3:00:00 PM","12/13/2016","5:00:00 PM","False","False","12/13/2016","2:45:00 PM","Person 1","","",NA,NA,NA,"Normal","False","Normal",2
"Event 75","12/13/2016","2:00:00 PM","12/13/2016","2:30:00 PM","False","False","12/13/2016","1:45:00 PM","Person 1","","",NA,NA,NA,"Normal","False","Normal",2
"Event 76","12/19/2016","11:30:00 AM","12/19/2016","1:00:00 PM","False","False","12/19/2016","11:15:00 AM","Person 11","Person 5;Person 3;Person 18;Person 53;Person 6;Person 13;Person 1","",NA,"Location 21",NA,"Normal","False","Normal",2
"Event 77","12/12/2016","3:00:00 PM","12/12/2016","3:30:00 PM","False","False","12/12/2016","2:45:00 PM","Person 5","Person 14;Person 13;Person 22;Person 36;Person 64;Person 1;Person 18","",NA,"Location 22",NA,"Normal","False","Normal",2
"Event 78","12/9/2016","4:30:00 PM","12/9/2016","5:00:00 PM","False","False","12/9/2016","4:15:00 PM","Person 18","Person 1","",NA,"Location 23",NA,"Normal","False","Normal",2
"Event 79","12/16/2016","4:00:00 PM","12/16/2016","4:45:00 PM","False","False","12/16/2016","3:45:00 PM","Person 5","Person 1","",NA,"Location 4",NA,"Normal","False","Normal",2
"Event 80","12/16/2016","2:00:00 PM","12/16/2016","2:30:00 PM","False","False","12/16/2016","1:45:00 PM","Person 5","Person 7;Person 13;Person 1;Person 18","",NA,"Location 3",NA,"Normal","False","Normal",2
"Event 81","12/8/2016","1:00:00 PM","12/8/2016","1:30:00 PM","False","False","12/8/2016","12:45:00 PM","Person 5","Person 14;Person 1;Person 22;Person 36;Person 64","",NA,"Location 22",NA,"Normal","False","Normal",2
"Event 82","12/8/2016","3:00:00 PM","12/8/2016","4:00:00 PM","False","False","12/8/2016","2:45:00 PM","Person 1","Person 5","",NA,"Location 4",NA,"Normal","False","Normal",2
"Event 83","12/8/2016","3:00:00 PM","12/8/2016","4:00:00 PM","False","False","12/8/2016","2:45:00 PM","Person 19","Person 68;Person 1;Person 27;Person 5","",NA,"Location 24",NA,"Normal","False","Normal",1
"Event 84","12/16/2016","12:00:00 AM","12/17/2016","12:00:00 AM","True","False","12/15/2016","6:00:00 AM","Person 1","","",NA,NA,NA,"Normal","False","Normal",3
"Event 85","1/1/2017","12:00:00 AM","1/6/2017","12:00:00 AM","True","False","12/31/2016","6:00:00 AM","Person 1","","",NA,NA,NA,"Normal","False","Normal",4
"Event 85","12/21/2016","12:00:00 AM","1/1/2017","12:00:00 AM","True","False","12/20/2016","6:00:00 AM","Person 1","","",NA,NA,NA,"Normal","False","Normal",4
"Event 86","12/19/2016","12:00:00 AM","12/20/2016","12:00:00 AM","True","False","12/18/2016","6:00:00 AM","Person 1","","",NA,NA,NA,"Normal","False","Normal",3
"Event 62","12/7/2016","2:00:00 PM","12/7/2016","2:30:00 PM","False","False","12/7/2016","1:45:00 PM","Person 1","Person 5","",NA,"Location 4",NA,"Normal","False","Normal",2
"Event 87","12/16/2016","12:00:00 AM","12/17/2016","12:00:00 AM","True","False","12/12/2016","12:00:00 AM","Person 1","","",NA,NA,NA,"Normal","False","Normal",3
"Event 62","12/5/2016","5:00:00 PM","12/5/2016","5:30:00 PM","False","False","12/5/2016","4:45:00 PM","Person 1","Person 5","",NA,"Location 4",NA,"Normal","False","Normal",2
"Event 88","12/6/2016","12:00:00 PM","12/6/2016","1:00:00 PM","False","False","12/6/2016","11:45:00 AM","Person 20","","",NA,"Location 25",NA,"Normal","False","Normal",2
"Event 89","12/8/2016","12:00:00 PM","12/8/2016","1:00:00 PM","False","False","12/8/2016","11:45:00 AM","Person 13","Person 5;Person 1;Person 18","",NA,"Location 3",NA,"Normal","False","Normal",1
"Event 90","12/9/2016","11:30:00 AM","12/9/2016","12:30:00 PM","False","False","12/9/2016","11:15:00 AM","Person 9","Person 11;Person 5;Person 1;Person 3;Person 6;Person 53;Person 54;Person 24","Person 13",NA,NA,NA,"Normal","False","Normal",2
"Event 91","12/5/2016","2:30:00 PM","12/5/2016","3:30:00 PM","False","False","12/5/2016","2:15:00 PM","Person 21","Person 63;Person 69;Person 70;Person 24","",NA,"Location 26",NA,"Normal","False","Normal",2
"Event 92","12/14/2016","3:30:00 PM","12/14/2016","5:00:00 PM","False","False","12/14/2016","3:15:00 PM","Person 5","Person 13;Person 7;Person 1;Person 18;Person 8","Person 32",NA,"Location 27",NA,"Normal","False","Normal",2
"Event 93","11/30/2016","4:00:00 PM","11/30/2016","4:30:00 PM","False","False","11/30/2016","3:45:00 PM","Person 5","Person 1","",NA,"Location 4",NA,"Normal","False","Normal",2
"Event 94","11/30/2016","4:00:00 PM","11/30/2016","4:30:00 PM","False","False","11/30/2016","3:45:00 PM","Person 22","Person 5","Person 11;Person 36;Person 1",NA,"Location 8",NA,"Normal","False","Normal",2
"Event 95","12/5/2016","2:30:00 PM","12/5/2016","3:00:00 PM","False","False","12/5/2016","2:15:00 PM","Person 11","Person 21;Person 63","Person 36;Person 43;Person 42;Person 39",NA,NA,NA,"High","False","Normal",3
"Event 96","12/12/2016","12:00:00 AM","12/13/2016","12:00:00 AM","True","False","12/5/2016","12:00:00 AM","Person 1","","",NA,NA,NA,"Normal","False","Normal",3
"Event 97","12/5/2016","2:30:00 PM","12/5/2016","3:30:00 PM","False","False","12/5/2016","2:15:00 PM","Person 1","","",NA,NA,NA,"Normal","False","Normal",2
"Event 98","11/29/2016","10:30:00 AM","11/29/2016","11:00:00 AM","False","False","11/29/2016","10:15:00 AM","Person 1","","",NA,NA,NA,"Normal","False","Normal",2
"Event 99","11/28/2016","5:30:00 PM","11/28/2016","6:00:00 PM","False","False","11/28/2016","5:15:00 PM","Person 1","","",NA,NA,NA,"Normal","False","Normal",2
"Event 100","11/28/2016","2:00:00 PM","11/28/2016","2:30:00 PM","False","False","11/28/2016","1:45:00 PM","Person 23","Person 1;Person 18;Person 71;Person 13;Person 5","",NA,"Location 28",NA,"Normal","False","Normal",2
"Event 101","11/22/2016","3:00:00 PM","11/22/2016","4:00:00 PM","False","False","11/22/2016","2:45:00 PM","Person 1","Person 5","",NA,"Location 4",NA,"Normal","False","Normal",2
"Event 102","11/21/2016","3:00:00 PM","11/21/2016","3:30:00 PM","False","False","11/21/2016","2:45:00 PM","Person 13","Person 1;Person 5;Person 18","",NA,"Location 5",NA,"Normal","False","Normal",2
"Event 103","11/21/2016","12:30:00 PM","11/21/2016","2:30:00 PM","False","False","11/21/2016","12:15:00 PM","Person 13","Person 5;Person 1;Person 18","",NA,"Location 4",NA,"Normal","False","Normal",2
"Event 104","11/21/2016","2:00:00 PM","11/21/2016","3:00:00 PM","False","False","11/21/2016","1:30:00 PM","","","",NA,NA,NA,"Normal","False","Normal",2
"Event 105","12/8/2016","6:00:00 PM","12/8/2016","10:00:00 PM","False","False","12/8/2016","5:45:00 PM","Person 1","","",NA,NA,NA,"Normal","False","Normal",2
"Event 106","11/17/2016","5:00:00 PM","11/17/2016","5:30:00 PM","False","False","11/17/2016","4:45:00 PM","Person 5","Person 13;Person 1;Person 18","",NA,"Location 3",NA,"Normal","False","Normal",2
"Event 107","11/17/2016","2:30:00 PM","11/17/2016","4:30:00 PM","False","False","11/17/2016","2:15:00 PM","Person 13","Person 5;Person 1;Person 18","",NA,"Location 5",NA,"Normal","False","Normal",2
"Event 108","11/17/2016","8:30:00 AM","11/17/2016","10:30:00 AM","False","False","11/17/2016","8:15:00 AM","Person 13","Person 5;Person 18;Person 1","",NA,"Location 5",NA,"Normal","False","Normal",2
"Event 109","11/24/2016","12:00:00 AM","11/26/2016","12:00:00 AM","True","False","11/23/2016","11:45:00 PM","Person 1","","",NA,NA,NA,"Normal","False","Normal",4
"Event 110","11/30/2016","12:00:00 AM","12/1/2016","12:00:00 AM","True","False","11/29/2016","6:00:00 AM","Person 1","","",NA,NA,NA,"Normal","False","Normal",3
"Event 111","11/17/2016","10:30:00 AM","11/17/2016","11:00:00 AM","False","False","11/17/2016","10:15:00 AM","Person 1","","",NA,NA,NA,"Normal","False","Normal",2
"Event 112","12/5/2016","12:00:00 AM","12/6/2016","12:00:00 AM","True","False","12/4/2016","6:00:00 AM","Person 1","","",NA,NA,NA,"Normal","False","Normal",3
"Event 113","11/21/2016","12:00:00 AM","11/22/2016","12:00:00 AM","True","False","11/20/2016","6:00:00 AM","Person 1","","",NA,NA,NA,"Normal","False","Normal",4
"Event 114","11/16/2016","12:00:00 PM","11/16/2016","1:30:00 PM","False","False","11/16/2016","11:45:00 AM","Person 1","","",NA,NA,NA,"Normal","False","Normal",2
"Event 115","11/17/2016","12:00:00 PM","11/17/2016","1:00:00 PM","False","False","11/17/2016","11:45:00 AM","Person 5","Person 13;Person 1;Person 18","",NA,"Location 29",NA,"Normal","False","Normal",2
"Event 116","11/15/2016","11:00:00 AM","11/15/2016","12:00:00 PM","False","False","11/15/2016","10:45:00 AM","Person 1","Person 5","",NA,"Location 4",NA,"Normal","False","Normal",2
"Event 117","11/11/2016","3:30:00 PM","11/11/2016","4:00:00 PM","False","False","11/11/2016","3:15:00 PM","Person 1","Person 5","",NA,"Location 4",NA,"Normal","False","Normal",2
"Event 118","11/14/2016","3:30:00 PM","11/14/2016","4:30:00 PM","False","False","11/14/2016","3:15:00 PM","Person 1","Person 18","",NA,"Location 4",NA,"Normal","False","Normal",2
"Event 119","11/15/2016","10:00:00 AM","11/15/2016","11:00:00 AM","False","False","11/15/2016","9:45:00 AM","Person 1","","",NA,NA,NA,"Normal","False","Normal",2
"Event 120","11/11/2016","2:00:00 PM","11/11/2016","3:00:00 PM","False","False","11/11/2016","1:45:00 PM","Person 24","Person 30;Person 5;Person 13;Person 18;Person 54;Person 53;Person 3;Person 6;Person 9;Person 11;Person 1;Person 58;Person 65","",NA,"Location 5",NA,"Normal","False","Normal",2
"Event 121","11/10/2016","3:30:00 PM","11/10/2016","4:00:00 PM","False","False","11/10/2016","3:25:00 PM","Person 3","Person 1","",NA,NA,NA,"Normal","False","Normal",2
"Event 122","11/14/2016","11:00:00 AM","11/14/2016","11:30:00 AM","False","True","11/14/2016","10:45:00 AM","Person 5","Person 1","",NA,"Location 4",NA,"Normal","False","Normal",2
"Event 122","11/28/2016","11:00:00 AM","11/28/2016","11:30:00 AM","False","True","11/28/2016","10:45:00 AM","Person 5","Person 1","",NA,"Location 4",NA,"Normal","False","Normal",2
"Event 122","12/12/2016","11:00:00 AM","12/12/2016","11:30:00 AM","False","True","12/12/2016","10:45:00 AM","Person 5","Person 1","",NA,"Location 4",NA,"Normal","False","Normal",2
"Event 122","12/26/2016","11:00:00 AM","12/26/2016","11:30:00 AM","False","True","12/26/2016","10:45:00 AM","Person 5","Person 1","",NA,"Location 4",NA,"Normal","False","Normal",2
"Event 122","1/9/2017","11:00:00 AM","1/9/2017","11:30:00 AM","False","True","1/9/2017","10:45:00 AM","Person 5","Person 1","",NA,"Location 4",NA,"Normal","False","Normal",2
"Event 122","1/23/2017","11:00:00 AM","1/23/2017","11:30:00 AM","False","True","1/23/2017","10:45:00 AM","Person 5","Person 1","",NA,"Location 4",NA,"Normal","False","Normal",2
"Event 122","2/6/2017","11:00:00 AM","2/6/2017","11:30:00 AM","False","True","2/6/2017","10:45:00 AM","Person 5","Person 1","",NA,"Location 4",NA,"Normal","False","Normal",2
"Event 122","2/16/2017","10:30:00 AM","2/16/2017","11:00:00 AM","False","False","2/20/2017","10:45:00 AM","Person 5","Person 1","",NA,"Location 4",NA,"Normal","False","Normal",2
"Event 123","11/4/2016","11:00:00 AM","11/4/2016","11:30:00 AM","False","False","11/4/2016","10:45:00 AM","Person 5","Person 1","",NA,"Location 4",NA,"Normal","False","Normal",2
"Event 124","11/3/2016","4:30:00 PM","11/3/2016","5:00:00 PM","False","False","11/3/2016","4:15:00 PM","Person 13","Person 5;Person 22;Person 14;Person 1;Person 64;Person 36","",NA,"Location 4",NA,"Normal","False","Normal",2
"Event 125","11/22/2016","12:00:00 AM","11/23/2016","12:00:00 AM","True","False","11/21/2016","6:00:00 AM","Person 1","","",NA,NA,NA,"Normal","False","Normal",3
"Event 126","11/18/2016","12:00:00 AM","11/19/2016","12:00:00 AM","True","False","11/17/2016","11:45:00 PM","Person 1","","",NA,NA,NA,"Normal","False","Normal",3
"Event 127","10/25/2016","3:00:00 AM","10/26/2016","3:00:00 AM","True","False","10/24/2016","9:00:00 AM","Person 25","Person 1","",NA,NA,NA,"Normal","False","Normal",3
"Event 128","10/26/2016","4:00:00 PM","10/26/2016","4:30:00 PM","False","False","10/26/2016","3:45:00 PM","Person 5","Person 72;Person 11;Person 13;Person 1;Person 18","",NA,"Location 2",NA,"Normal","False","Normal",2
"Event 129","10/24/2016","2:30:00 PM","10/24/2016","3:00:00 PM","False","False","10/24/2016","2:15:00 PM","Person 1","Person 5","",NA,"Location 4",NA,"Normal","False","Normal",2
"Event 130","10/21/2016","9:30:00 AM","10/21/2016","10:00:00 AM","False","False","10/21/2016","9:15:00 AM","Person 1","Person 5","",NA,"Location 4",NA,"Normal","False","Normal",2
"Event 131","10/24/2016","12:00:00 AM","10/25/2016","12:00:00 AM","True","False","10/23/2016","6:00:00 AM","Person 1","","",NA,NA,NA,"Normal","False","Normal",3
"Event 132","10/24/2016","12:00:00 PM","10/24/2016","1:00:00 PM","False","True","10/24/2016","11:45:00 AM","Person 16","Person 3;Person 9;Person 5;Person 13;Person 1;Person 6;Person 52;Person 51;Person 55","",NA,"Location 30",NA,"Normal","False","Normal",2
"Event 132","10/31/2016","12:00:00 PM","10/31/2016","1:00:00 PM","False","True","10/31/2016","11:45:00 AM","Person 16","Person 3;Person 9;Person 5;Person 13;Person 1;Person 6;Person 52;Person 51;Person 55","",NA,"Location 30",NA,"Normal","False","Normal",2
"Event 132","11/7/2016","12:00:00 PM","11/7/2016","1:00:00 PM","False","True","11/7/2016","11:45:00 AM","Person 16","Person 3;Person 9;Person 5;Person 13;Person 1;Person 6;Person 52;Person 51;Person 55","",NA,"Location 30",NA,"Normal","False","Normal",2
"Event 132","11/14/2016","12:00:00 PM","11/14/2016","1:00:00 PM","False","True","11/14/2016","11:45:00 AM","Person 16","Person 3;Person 9;Person 5;Person 13;Person 1;Person 6;Person 52;Person 51;Person 55","",NA,"Location 30",NA,"Normal","False","Normal",2
"Event 132","11/21/2016","12:00:00 PM","11/21/2016","1:00:00 PM","False","True","11/21/2016","11:45:00 AM","Person 16","Person 3;Person 9;Person 5;Person 13;Person 1;Person 6;Person 52;Person 51;Person 55","",NA,"Location 30",NA,"Normal","False","Normal",2
"Event 132","11/28/2016","12:00:00 PM","11/28/2016","1:00:00 PM","False","True","11/28/2016","11:45:00 AM","Person 16","Person 3;Person 9;Person 5;Person 13;Person 1;Person 6;Person 52;Person 51;Person 55","",NA,"Location 30",NA,"Normal","False","Normal",2
"Event 132","12/5/2016","12:00:00 PM","12/5/2016","1:00:00 PM","False","True","12/5/2016","11:45:00 AM","Person 16","Person 3;Person 9;Person 5;Person 13;Person 1;Person 6;Person 52;Person 51;Person 55","",NA,"Location 30",NA,"Normal","False","Normal",2
"Event 132","12/12/2016","12:00:00 PM","12/12/2016","1:00:00 PM","False","True","12/12/2016","11:45:00 AM","Person 16","Person 3;Person 9;Person 5;Person 13;Person 1;Person 6;Person 52;Person 51;Person 55","",NA,"Location 30",NA,"Normal","False","Normal",2
"Event 132","12/19/2016","12:00:00 PM","12/19/2016","1:00:00 PM","False","True","12/19/2016","11:45:00 AM","Person 16","Person 3;Person 9;Person 5;Person 13;Person 1;Person 6;Person 52;Person 51;Person 55","",NA,"Location 30",NA,"Normal","False","Normal",2
"Event 132","12/26/2016","12:00:00 PM","12/26/2016","1:00:00 PM","False","True","12/26/2016","11:45:00 AM","Person 16","Person 3;Person 9;Person 5;Person 13;Person 1;Person 6;Person 52;Person 51;Person 55","",NA,"Location 30",NA,"Normal","False","Normal",2
"Event 132","1/2/2017","12:00:00 PM","1/2/2017","1:00:00 PM","False","True","1/2/2017","11:45:00 AM","Person 16","Person 3;Person 9;Person 5;Person 13;Person 1;Person 6;Person 52;Person 51;Person 55","",NA,"Location 30",NA,"Normal","False","Normal",2
"Event 132","1/9/2017","12:00:00 PM","1/9/2017","1:00:00 PM","False","True","1/9/2017","11:45:00 AM","Person 16","Person 3;Person 9;Person 5;Person 13;Person 1;Person 6;Person 52;Person 51;Person 55","",NA,"Location 30",NA,"Normal","False","Normal",2
"Event 132","1/16/2017","12:00:00 PM","1/16/2017","1:00:00 PM","False","True","1/16/2017","11:45:00 AM","Person 16","Person 3;Person 9;Person 5;Person 13;Person 1;Person 6;Person 52;Person 51;Person 55","",NA,"Location 30",NA,"Normal","False","Normal",2
"Event 132","1/23/2017","12:00:00 PM","1/23/2017","1:00:00 PM","False","True","1/23/2017","11:45:00 AM","Person 16","Person 3;Person 9;Person 5;Person 13;Person 1;Person 6;Person 52;Person 51;Person 55","",NA,"Location 30",NA,"Normal","False","Normal",2
"Event 132","1/30/2017","12:00:00 PM","1/30/2017","1:00:00 PM","False","False","1/30/2017","11:45:00 AM","Person 16","Person 3;Person 9;Person 5;Person 13;Person 1;Person 6;Person 52;Person 51;Person 55","",NA,"Location 30",NA,"Normal","False","Normal",2
"Event 132","2/6/2017","12:00:00 PM","2/6/2017","1:00:00 PM","False","True","2/6/2017","11:45:00 AM","Person 16","Person 3;Person 9;Person 5;Person 13;Person 1;Person 6;Person 52;Person 51;Person 55","",NA,"Location 30",NA,"Normal","False","Normal",2
"Event 132","2/13/2017","12:00:00 PM","2/13/2017","1:00:00 PM","False","True","2/13/2017","11:45:00 AM","Person 16","Person 3;Person 9;Person 5;Person 13;Person 1;Person 6;Person 52;Person 51;Person 55","",NA,"Location 30",NA,"Normal","False","Normal",2
"Event 132","2/20/2017","12:00:00 PM","2/20/2017","1:00:00 PM","False","False","2/20/2017","11:45:00 AM","Person 16","Person 3;Person 9;Person 5;Person 13;Person 1;Person 6;Person 52;Person 51;Person 55","",NA,"Location 30",NA,"Normal","False","Normal",2
"Event 133","10/19/2016","4:00:00 PM","10/19/2016","4:30:00 PM","False","False","10/19/2016","3:45:00 PM","Person 1","Person 5","",NA,"Location 23",NA,"Normal","False","Normal",2
"Event 134","10/19/2016","3:30:00 PM","10/19/2016","4:00:00 PM","False","False","10/19/2016","3:15:00 PM","Person 5","Person 41;Person 13;Person 1","Person 36;Person 22",NA,"Location 10",NA,"Normal","False","Normal",2
"Event 135","10/26/2016","1:00:00 PM","10/26/2016","3:30:00 PM","False","False","10/26/2016","12:45:00 PM","Person 5","Person 72;Person 13;Person 11;Person 18;Person 1","",NA,"Location 2",NA,"Normal","False","Normal",2
"Event 136","10/18/2016","11:00:00 AM","10/18/2016","11:30:00 AM","False","False","10/18/2016","10:45:00 AM","Person 10","Person 13;Person 1;Person 18;Person 5","",NA,"Location 31",NA,"Normal","False","Normal",1
"Event 137","10/31/2016","12:00:00 AM","11/1/2016","12:00:00 AM","True","False","10/30/2016","6:00:00 AM","Person 1","","",NA,NA,NA,"Normal","False","Normal",3
"Event 138","10/17/2016","12:00:00 AM","10/18/2016","12:00:00 AM","True","False","10/16/2016","6:00:00 AM","Person 1","","",NA,NA,NA,"Normal","False","Normal",3
"Event 139","10/14/2016","11:00:00 AM","10/14/2016","12:00:00 PM","False","False","10/14/2016","10:45:00 AM","Person 10","Person 1;Person 18;Person 13;Person 73;Person 5","",NA,"Location 32",NA,"Normal","False","Normal",2
"Event 140","10/14/2016","5:30:00 PM","10/14/2016","6:00:00 PM","False","False","10/14/2016","5:15:00 PM","Person 1","","",NA,NA,NA,"Normal","False","Normal",3
"Event 141","10/25/2016","12:00:00 AM","10/26/2016","12:00:00 AM","True","False","10/24/2016","6:00:00 AM","Person 1","","",NA,NA,NA,"Normal","False","Normal",3
"Event 142","10/14/2016","4:00:00 PM","10/14/2016","4:30:00 PM","False","False","10/14/2016","3:45:00 PM","Person 1","Person 6","",NA,"Location 23",NA,"Normal","False","Normal",2
"Event 143","10/14/2016","11:30:00 AM","10/14/2016","12:30:00 PM","False","False","10/14/2016","11:15:00 AM","Person 13","Person 5;Person 1;Person 18","",NA,NA,NA,"High","False","Normal",3
"Event 144","10/14/2016","3:30:00 PM","10/14/2016","4:00:00 PM","False","False","10/14/2016","3:15:00 PM","Person 5","Person 1;Person 39;Person 13","Person 28",NA,"Location 10",NA,"Normal","False","Normal",2
"Event 145","10/20/2016","10:00:00 AM","10/20/2016","11:00:00 AM","False","False","10/20/2016","9:45:00 AM","Person 5","Person 13;Person 11;Person 1;Person 18","",NA,"Location 33",NA,"Normal","False","Normal",2
"Event 146","10/11/2016","1:30:00 PM","10/11/2016","2:00:00 PM","False","False","10/11/2016","1:15:00 PM","Person 5","Person 1","",NA,"Location 23",NA,"Normal","False","Normal",2
"Event 147","10/12/2016","3:00:00 PM","10/12/2016","4:00:00 PM","False","False","10/12/2016","2:45:00 PM","Person 13","Person 5;Person 1;Person 18","",NA,"Location 4",NA,"Normal","False","Normal",2
"Event 148","10/13/2016","6:00:00 PM","10/13/2016","9:00:00 PM","False","False","10/13/2016","5:45:00 PM","Person 1","","",NA,"Location 34",NA,"Normal","False","Normal",2
"Event 149","10/26/2016","12:00:00 AM","10/27/2016","12:00:00 AM","True","False","10/25/2016","6:00:00 AM","Person 1","","",NA,NA,NA,"Normal","False","Normal",3
"Event 150","10/31/2016","12:00:00 AM","11/1/2016","12:00:00 AM","True","False","10/30/2016","11:45:00 PM","","","",NA,NA,NA,"Normal","False","Normal",3
"Event 63","10/18/2016","12:00:00 PM","10/18/2016","1:30:00 PM","False","False","10/18/2016","11:45:00 AM","Person 9","Person 3;Person 11;Person 53;Person 65;Person 6;Person 1;Person 13;Person 18;Person 5;Person 54","",NA,"Location 29",NA,"Normal","False","Normal",4
"Event 151","11/16/2016","12:00:00 AM","11/17/2016","12:00:00 AM","True","False","11/15/2016","6:00:00 AM","Person 1","","",NA,NA,NA,"Normal","False","Normal",3
"Event 152","10/4/2016","2:00:00 PM","10/4/2016","2:30:00 PM","False","False","10/4/2016","1:45:00 PM","Person 5","Person 1","",NA,"Location 4",NA,"Normal","False","Normal",2
"Event 153","10/3/2016","4:00:00 PM","10/3/2016","5:00:00 PM","False","False","10/3/2016","3:45:00 PM","Person 13","Person 5;Person 28;Person 74;Person 39;Person 1;Person 41","",NA,"Location 10",NA,"Normal","False","Normal",2
"Event 154","9/30/2016","2:00:00 PM","9/30/2016","3:00:00 PM","False","False","9/30/2016","1:45:00 PM","Person 1","Person 13;Person 18;Person 5","",NA,"Location 5",NA,"Normal","False","Normal",2
"Event 155","9/29/2016","2:30:00 PM","9/29/2016","3:30:00 PM","False","False","9/29/2016","2:15:00 PM","Person 1","Person 5;Person 18;Person 13","",NA,"Location 4",NA,"Normal","False","Normal",2
"Event 156","10/4/2016","10:00:00 AM","10/4/2016","11:00:00 AM","False","False","10/4/2016","9:45:00 AM","Person 26","Person 75;Person 13;Person 18;Person 5;Person 1","",NA,NA,NA,"Normal","False","Normal",2
"Event 157","10/13/2016","11:00:00 AM","10/13/2016","12:00:00 PM","False","False","10/13/2016","10:45:00 AM","Person 5","Person 1;Person 13;Person 18;Person 11","",NA,"Location 35",NA,"Normal","False","Normal",2
"Event 158","10/6/2016","12:00:00 AM","10/7/2016","12:00:00 AM","True","False","10/5/2016","6:00:00 AM","Person 1","","",NA,NA,NA,"Normal","False","Normal",3
"Event 155","9/28/2016","1:30:00 PM","9/28/2016","2:30:00 PM","False","False","9/28/2016","1:15:00 PM","Person 5","Person 18;Person 1;Person 13","",NA,"Location 4",NA,"Normal","False","Normal",2
"Event 159","9/27/2016","2:30:00 PM","9/27/2016","4:00:00 PM","False","False","9/27/2016","2:15:00 PM","Person 13","Person 18;Person 5;Person 1","",NA,NA,NA,"High","False","Normal",3
"Event 160","9/23/2016","3:30:00 PM","9/23/2016","4:30:00 PM","False","False","9/23/2016","3:15:00 PM","Person 1","Person 18","",NA,"Location 4",NA,"Normal","False","Normal",2
"Event 161","9/21/2016","7:00:00 PM","9/21/2016","9:00:00 PM","False","False","9/21/2016","6:45:00 PM","Person 18","Person 9;Person 54;Person 5;Person 1;Person 6;Person 53;Person 3;Person 11;Person 13","",NA,"Location 36",NA,"Normal","False","Normal",1
"Event 162","9/22/2016","3:00:00 PM","9/22/2016","4:00:00 PM","False","False","9/22/2016","2:45:00 PM","Person 27","Person 5;Person 13;Person 1","",NA,"Location 37",NA,"Normal","False","Normal",2
"Event 163","9/20/2016","10:30:00 AM","9/20/2016","11:00:00 AM","False","False","9/20/2016","10:15:00 AM","Person 5","Person 1","",NA,"Location 4",NA,"Normal","False","Normal",2
"Event 164","9/20/2016","11:00:00 AM","9/20/2016","11:30:00 AM","False","False","9/20/2016","10:45:00 AM","Person 1","Person 5","",NA,"Location 4",NA,"Normal","False","Normal",2
"Event 165","11/15/2016","12:00:00 AM","11/16/2016","12:00:00 AM","True","False","11/14/2016","6:00:00 AM","Person 1","","",NA,NA,NA,"Normal","False","Normal",3
"Event 166","9/21/2016","4:00:00 PM","9/21/2016","6:30:00 PM","False","False","9/21/2016","3:45:00 PM","Person 21","Person 76;Person 36;Person 77;Person 78","",NA,"Location 38",NA,"Normal","False","Normal",2
"Event 167","9/16/2016","2:30:00 PM","9/16/2016","3:30:00 PM","False","False","9/16/2016","2:15:00 PM","Person 1","Person 18","",NA,"Location 4",NA,"Normal","False","Normal",2
"Event 168","9/26/2016","12:00:00 AM","9/27/2016","12:00:00 AM","True","False","9/25/2016","6:00:00 AM","Person 1","","",NA,NA,NA,"Normal","False","Normal",3
"Event 169","9/24/2016","12:00:00 AM","9/25/2016","12:00:00 AM","True","False","9/23/2016","6:00:00 AM","Person 1","","",NA,NA,NA,"Normal","False","Normal",3
"Event 170","9/19/2016","9:00:00 AM","9/19/2016","11:00:00 AM","False","False","9/19/2016","8:45:00 AM","Person 11","Person 30;Person 3;Person 5;Person 9;Person 1","",NA,"Location 5",NA,"Normal","False","Normal",2
"Event 171","9/20/2016","12:00:00 PM","9/20/2016","1:30:00 PM","False","False","9/20/2016","11:45:00 AM","Person 9","Person 11;Person 3;Person 6;Person 53;Person 54;Person 18;Person 65;Person 13;Person 5;Person 1","",NA,"Location 39",NA,"Normal","False","Normal",2
"Event 172","9/14/2016","2:45:00 PM","9/14/2016","3:15:00 PM","False","False","9/14/2016","2:30:00 PM","Person 28","Person 1","",NA,"Location 29",NA,"Normal","False","Normal",2
"Event 173","9/13/2016","4:30:00 PM","9/13/2016","5:00:00 PM","False","False","9/13/2016","4:15:00 PM","Person 5","Person 1","",NA,"Location 4",NA,"Normal","False","Normal",2
"Event 174","10/12/2016","1:00:00 PM","10/12/2016","2:00:00 PM","False","False","10/12/2016","12:45:00 PM","Person 13","Person 5;Person 1;Person 18","",NA,"Location 5",NA,"Normal","False","Normal",2
"Event 175","9/15/2016","12:00:00 AM","9/16/2016","12:00:00 AM","True","False","9/14/2016","11:45:00 PM","","","",NA,NA,NA,"Normal","False","Normal",3
"Event 176","9/13/2016","2:30:00 PM","9/13/2016","3:00:00 PM","False","False","9/13/2016","2:15:00 PM","Person 5","Person 18;Person 1;Person 13","",NA,"Location 4",NA,"Normal","False","Normal",2
"Event 177","9/14/2016","5:30:00 PM","9/14/2016","8:30:00 PM","False","False","9/14/2016","5:15:00 PM","Person 21","Person 76;Person 79;Person 41;Person 28;Person 80","Person 85;Person 31;Person 70;Person 6;Person 18;Person 38;Person 54;Person 90;Person 83;Person 8;Person 40;Person 13;Person 82",NA,"Location 40",NA,"Normal","False","Normal",1
"Event 178","9/12/2016","5:30:00 PM","9/12/2016","7:30:00 PM","False","False","9/12/2016","5:15:00 PM","Person 21","Person 76;Person 79;Person 41;Person 28;Person 80;Person 81","Person 38;Person 34;Person 40;Person 5;Person 18;Person 6;Person 54;Person 82;Person 70;Person 9;Person 53;Person 7",NA,"Location 41",NA,"Normal","False","Normal",2
"Event 179","9/8/2016","2:00:00 PM","9/8/2016","3:00:00 PM","False","False","9/8/2016","1:45:00 PM","Person 1","Person 18","",NA,"Location 4",NA,"Normal","False","Normal",2
"Event 180","9/9/2016","12:00:00 AM","9/10/2016","12:00:00 AM","True","False","9/8/2016","6:00:00 AM","Person 1","","",NA,NA,NA,"Normal","False","Normal",3
"Event 181","8/12/2016","1:00:00 PM","8/12/2016","1:45:00 PM","False","True","8/12/2016","12:45:00 PM","Person 5","Person 1;Person 13;Person 51","",NA,"Location 4",NA,"Normal","False","Normal",2
"Event 181","8/26/2016","1:00:00 PM","8/26/2016","1:45:00 PM","False","True","8/26/2016","12:45:00 PM","Person 5","Person 1;Person 13;Person 51","",NA,"Location 4",NA,"Normal","False","Normal",2
"Event 181","9/9/2016","1:00:00 PM","9/9/2016","1:45:00 PM","False","True","9/9/2016","12:45:00 PM","Person 5","Person 1;Person 13;Person 51","",NA,"Location 4",NA,"Normal","False","Normal",2
"Event 181","9/23/2016","1:00:00 PM","9/23/2016","1:30:00 PM","False","False","9/23/2016","12:45:00 PM","Person 5","Person 1;Person 13;Person 51","",NA,"Location 4",NA,"Normal","False","Normal",2
"Event 181","10/7/2016","1:00:00 PM","10/7/2016","1:45:00 PM","False","True","10/7/2016","12:45:00 PM","Person 5","Person 1;Person 13;Person 51","",NA,"Location 4",NA,"Normal","False","Normal",2
"Event 181","10/21/2016","1:00:00 PM","10/21/2016","1:45:00 PM","False","True","10/21/2016","12:45:00 PM","Person 5","Person 1;Person 13;Person 51","",NA,"Location 4",NA,"Normal","False","Normal",2
"Event 181","11/4/2016","1:00:00 PM","11/4/2016","1:45:00 PM","False","True","11/4/2016","12:45:00 PM","Person 5","Person 1;Person 13;Person 51","",NA,"Location 4",NA,"Normal","False","Normal",2
"Event 181","11/18/2016","1:00:00 PM","11/18/2016","1:45:00 PM","False","True","11/18/2016","12:45:00 PM","Person 5","Person 1;Person 13;Person 51","",NA,"Location 4",NA,"Normal","False","Normal",2
"Event 181","12/6/2016","2:00:00 PM","12/6/2016","2:45:00 PM","False","False","12/6/2016","1:45:00 PM","Person 5","Person 1;Person 13;Person 51","",NA,"Location 4",NA,"Normal","False","Normal",2
"Event 181","12/16/2016","1:00:00 PM","12/16/2016","1:45:00 PM","False","True","12/16/2016","12:45:00 PM","Person 5","Person 1;Person 13;Person 51","",NA,"Location 4",NA,"Normal","False","Normal",2
"Event 182","12/30/2016","1:00:00 PM","12/30/2016","1:45:00 PM","False","False","12/30/2016","12:45:00 PM","Person 5","Person 1;Person 13;Person 51","",NA,"Location 4",NA,"Normal","False","Normal",3
"Event 181","1/13/2017","4:30:00 PM","1/13/2017","5:15:00 PM","False","False","1/13/2017","12:45:00 PM","Person 5","Person 1;Person 13;Person 51","",NA,"Location 4",NA,"Normal","False","Normal",2
"Event 182","1/27/2017","3:30:00 PM","1/27/2017","4:00:00 PM","False","False","1/27/2017","12:45:00 PM","Person 5","Person 1;Person 13;Person 51","",NA,"Location 4",NA,"Normal","False","Normal",3
"Event 181","2/10/2017","1:00:00 PM","2/10/2017","1:45:00 PM","False","True","2/10/2017","12:45:00 PM","Person 5","Person 1;Person 13;Person 51","",NA,"Location 4",NA,"Normal","False","Normal",2
"Event 181","2/24/2017","1:00:00 PM","2/24/2017","1:45:00 PM","False","True","2/24/2017","12:45:00 PM","Person 5","Person 1;Person 13;Person 51","",NA,"Location 4",NA,"Normal","False","Normal",2
"Event 183","9/13/2016","3:00:00 PM","9/13/2016","4:00:00 PM","False","False","9/13/2016","2:45:00 PM","Person 13","Person 5;Person 18;Person 1","",NA,"Location 4",NA,"Normal","False","Normal",3
"Event 184","9/26/2016","12:00:00 AM","9/30/2016","12:00:00 AM","True","False","9/25/2016","6:00:00 AM","Person 1","","",NA,NA,NA,"Normal","False","Normal",3
"Event 185","9/1/2016","2:00:00 PM","9/1/2016","3:00:00 PM","False","False","9/1/2016","1:45:00 PM","","Person 18","",NA,"Location 4",NA,"Normal","False","Normal",2
"Event 187","9/18/2016","1:00:00 PM","9/18/2016","5:00:00 PM","False","False","9/18/2016","12:45:00 PM","Person 16","Person 1","",NA,"Location 43",NA,"High","False","Normal",3
"Event 188","9/5/2016","12:00:00 AM","9/6/2016","12:00:00 AM","True","False","9/4/2016","6:00:00 AM","Person 1","","",NA,NA,NA,"Normal","False","Normal",3
"Event 189","9/20/2016","1:00:00 PM","9/20/2016","2:30:00 PM","False","False","9/20/2016","12:45:00 PM","Person 13","Person 5;Person 1;Person 18","",NA,"Location 44",NA,"Normal","False","Normal",2
"Event 190","8/29/2016","3:30:00 PM","8/29/2016","4:00:00 PM","False","False","8/29/2016","3:15:00 PM","Person 1","Person 5","",NA,"Location 4",NA,"Normal","False","Normal",2
"Event 191","8/26/2016","12:30:00 PM","8/26/2016","1:00:00 PM","False","False","8/26/2016","12:15:00 PM","Person 5","Person 1","",NA,"Location 4",NA,"Normal","False","Normal",2
"Event 192","8/26/2016","12:00:00 AM","8/27/2016","12:00:00 AM","True","False","8/25/2016","6:00:00 AM","Person 1","","",NA,NA,NA,"Normal","False","Normal",3
"Event 193","9/7/2016","1:00:00 PM","9/7/2016","2:00:00 PM","False","False","9/7/2016","12:45:00 PM","Person 12","Person 5;Person 72;Person 13;Person 1","Person 11",NA,"Location 45",NA,"Normal","False","Normal",2
"Event 194","9/1/2016","4:00:00 PM","9/1/2016","7:00:00 PM","False","False","9/1/2016","3:45:00 PM","Person 21","Person 5;Person 53;Person 82;Person 13;Person 83;Person 84;Person 85;Person 8;Person 86;Person 7;Person 34;Person 42;Person 87;Person 3;Person 32;Person 56;Person 88;Person 2;Person 38;Person 12;Person 33;Person 89;Person 70;Person 15;Person 18;Person 11;Person 90;Person 91;Person 1;Person 92;Person 93;Person 69;Person 6;Person 31;Person 37;Person 54;Person 9;Person 35","",NA,"Location 46",NA,"Normal","False","Normal",2
"Event 195","8/31/2016","12:00:00 AM","9/1/2016","12:00:00 AM","True","False","8/30/2016","6:00:00 AM","Person 1","","",NA,NA,NA,"Normal","False","Normal",3
"Event 196","8/23/2016","10:00:00 AM","8/23/2016","10:45:00 AM","False","False","8/23/2016","9:45:00 AM","Person 5","Person 1","",NA,"Location 4",NA,"Normal","False","Normal",2
"Event 197","8/23/2016","4:00:00 PM","8/23/2016","5:00:00 PM","False","False","8/23/2016","3:45:00 PM","Person 21","Person 63","Person 43;Person 39;Person 14;Person 101;Person 74;Person 13;Person 32;Person 54;Person 37;Person 8;Person 102;Person 38;Person 62;Person 12;Person 36;Person 94;Person 79;Person 7;Person 1;Person 58;Person 2;Person 34;Person 31;Person 86;Person 82;Person 91;Person 103;Person 22;Person 53;Person 42;Person 97;Person 30;Person 56;Person 89",NA,"Location 47",NA,"Normal","False","Normal",2
"Event 198","8/18/2016","12:00:00 PM","8/18/2016","12:30:00 PM","False","False","8/18/2016","11:55:00 AM","Person 3","Person 5;Person 13;Person 1;Person 53","",NA,NA,NA,"Normal","False","Normal",2
"Event 199","9/7/2016","12:00:00 AM","9/8/2016","12:00:00 AM","True","False","9/6/2016","6:00:00 AM","Person 1","","",NA,NA,NA,"Normal","False","Normal",3
"Event 200","9/6/2016","12:00:00 AM","9/7/2016","12:00:00 AM","True","False","9/5/2016","11:45:00 PM","Person 1","","",NA,NA,NA,"Normal","False","Normal",4
"Event 201","11/18/2016","12:00:00 AM","11/22/2016","12:00:00 AM","True","False","11/17/2016","11:45:00 PM","Person 16","Person 5;Person 1;Person 13;Person 18","",NA,"Location 42",NA,"Normal","False","Normal",2
"Event 202","11/7/2016","12:00:00 AM","11/10/2016","12:00:00 AM","True","False","11/6/2016","11:45:00 PM","Person 16","Person 5;Person 1;Person 13;Person 9","",NA,"Location 20",NA,"Normal","False","Normal",3
"Event 203","8/25/2016","3:30:00 PM","8/25/2016","4:10:00 PM","False","False","8/25/2016","3:15:00 PM","Person 29","Person 7;Person 63","Person 21;Person 43;Person 82;Person 38;Person 89;Person 39;Person 54;Person 13;Person 2;Person 56;Person 58;Person 33;Person 32;Person 62;Person 37;Person 14;Person 102;Person 36;Person 42;Person 97;Person 94;Person 3",NA,"Location 44",NA,"Normal","False","Normal",2
"Event 204","8/25/2016","1:30:00 PM","8/25/2016","2:30:00 PM","False","False","8/25/2016","1:15:00 PM","Person 29","Person 63;Person 89;Person 36","",NA,NA,NA,"Normal","False","Normal",2
"Event 205","8/23/2016","12:30:00 PM","8/23/2016","1:30:00 PM","False","False","8/23/2016","12:15:00 PM","Person 29","Person 63;Person 15","Person 89",NA,"Location 44",NA,"Normal","False","Normal",2
"Event 206","8/22/2016","2:00:00 PM","8/22/2016","3:00:00 PM","False","False","8/22/2016","1:45:00 PM","Person 29","Person 63;Person 94","",NA,NA,NA,"Normal","False","Normal",2
"Event 207","8/17/2016","2:00:00 PM","8/17/2016","3:30:00 PM","False","False","8/17/2016","1:45:00 PM","Person 5","Person 13;Person 1","",NA,"Location 4",NA,"Normal","False","Normal",2
"Event 208","8/19/2016","12:00:00 AM","8/20/2016","12:00:00 AM","True","False","8/18/2016","11:45:00 PM","","","",NA,NA,NA,"Normal","False","Normal",3
"Event 209","8/30/2016","12:00:00 AM","8/31/2016","12:00:00 AM","True","False","8/29/2016","11:45:00 PM","Person 1","","",NA,NA,NA,"Normal","False","Normal",3
"Event 210","8/18/2016","12:00:00 AM","8/19/2016","12:00:00 AM","True","False","8/17/2016","11:45:00 PM","","","",NA,NA,NA,"Normal","False","Normal",3
"Event 211","8/16/2016","1:30:00 PM","8/16/2016","2:00:00 PM","False","False","8/16/2016","1:15:00 PM","Person 5","Person 3;Person 11;Person 53","Person 13;Person 1",NA,NA,NA,"Normal","False","Normal",2
"Event 212","8/15/2016","10:00:00 AM","8/15/2016","10:30:00 AM","False","False","8/15/2016","9:45:00 AM","Person 5","Person 1","",NA,"Location 4",NA,"Normal","False","Normal",2
"Event 213","8/11/2016","3:30:00 PM","8/11/2016","4:00:00 PM","False","False","8/11/2016","3:15:00 PM","Person 5","Person 1","",NA,"Location 4",NA,"Normal","False","Normal",1
"Event 214","8/11/2016","12:00:00 AM","8/12/2016","12:00:00 AM","True","False","8/10/2016","11:45:00 PM","Person 11","Person 72;Person 5;Person 13;Person 18;Person 53;Person 1;Person 3;Person 9;Person 6;Person 32;Person 37","",NA,"Location 48",NA,"Normal","False","Normal",1
"Event 215","8/11/2016","2:30:00 PM","8/11/2016","3:00:00 PM","False","False","8/11/2016","2:15:00 PM","Person 1","Person 72","",NA,"Location 4",NA,"Normal","False","Normal",2
"Event 216","8/5/2016","2:00:00 PM","8/5/2016","2:30:00 PM","False","False","8/5/2016","1:45:00 PM","Person 5","Person 1","",NA,"Location 4",NA,"Normal","False","Normal",2
"Event 217","8/4/2016","4:00:00 PM","8/4/2016","4:30:00 PM","False","False","8/4/2016","3:45:00 PM","Person 5","Person 30;Person 13;Person 1;Person 58","",NA,"Location 3",NA,"Normal","False","Normal",2
"Event 218","8/4/2016","2:30:00 PM","8/4/2016","3:00:00 PM","False","False","8/4/2016","2:15:00 PM","Person 5","Person 30;Person 95;Person 1;Person 96;Person 58;Person 13","",NA,"Location 3",NA,"Normal","False","Normal",2
"Event 219","8/11/2016","12:00:00 AM","8/12/2016","12:00:00 AM","True","False","8/10/2016","11:45:00 PM","Person 5","Person 1","",NA,NA,NA,"Normal","False","Normal",3
"Event 220","8/8/2016","11:00:00 AM","8/8/2016","12:00:00 PM","False","False","8/8/2016","10:45:00 AM","Person 13","Person 5;Person 1;Person 18","",NA,"Location 3",NA,"Normal","False","Normal",2
"Event 221","8/4/2016","4:30:00 PM","8/4/2016","5:15:00 PM","False","False","8/4/2016","4:15:00 PM","Person 5","Person 1","",NA,"Location 4",NA,"Normal","False","Normal",2
"Event 222","8/4/2016","10:00:00 AM","8/4/2016","10:30:00 AM","False","False","8/4/2016","9:45:00 AM","Person 5","Person 1","",NA,"Location 23",NA,"Normal","False","Normal",2
"Event 223","8/4/2016","10:30:00 AM","8/4/2016","11:00:00 AM","False","False","8/4/2016","10:15:00 AM","Person 5","Person 1","",NA,"Location 4",NA,"Normal","False","Normal",2
"Event 224","8/3/2016","11:00:00 AM","8/3/2016","12:00:00 PM","False","False","8/3/2016","10:45:00 AM","Person 5","Person 1","",NA,"Location 4",NA,"Normal","False","Normal",2
"Event 225","8/2/2016","1:00:00 PM","8/2/2016","5:00:00 PM","False","False","8/2/2016","12:45:00 PM","Person 30","Person 11;Person 96;Person 9;Person 13;Person 5;Person 3;Person 54;Person 6;Person 53;Person 18;Person 24","Person 1",NA,"Location 2",NA,"Normal","False","Normal",2
"Event 226","8/1/2016","4:30:00 PM","8/1/2016","5:00:00 PM","False","False","8/1/2016","4:15:00 PM","Person 5","Person 1","",NA,"Location 4",NA,"Normal","False","Normal",2
"Event 227","8/5/2016","12:00:00 AM","8/6/2016","12:00:00 AM","True","False","8/4/2016","11:45:00 PM","","","",NA,NA,NA,"Normal","True","Private",3
"Event 32","8/3/2016","10:00:00 AM","8/3/2016","11:00:00 AM","False","True","8/3/2016","9:45:00 AM","Person 11","Person 5;Person 3;Person 24;Person 54;Person 6;Person 58;Person 9;Person 30;Person 1;Person 13;Person 52;Person 51;Person 55","",NA,"Location 5",NA,"Normal","False","Normal",2
"Event 32","8/10/2016","10:00:00 AM","8/10/2016","11:00:00 AM","False","True","8/10/2016","9:45:00 AM","Person 11","Person 5;Person 3;Person 24;Person 54;Person 6;Person 58;Person 9;Person 30;Person 1;Person 13;Person 52;Person 51;Person 55","",NA,"Location 5",NA,"Normal","False","Normal",2
"Event 32","8/17/2016","10:00:00 AM","8/17/2016","11:00:00 AM","False","True","8/17/2016","9:45:00 AM","Person 11","Person 5;Person 3;Person 24;Person 54;Person 6;Person 58;Person 9;Person 30;Person 1;Person 13;Person 52;Person 51;Person 55","",NA,"Location 5",NA,"Normal","False","Normal",2
"Event 32","8/24/2016","10:00:00 AM","8/24/2016","11:00:00 AM","False","True","8/24/2016","9:45:00 AM","Person 11","Person 5;Person 3;Person 24;Person 54;Person 6;Person 58;Person 9;Person 30;Person 1;Person 13;Person 52;Person 51;Person 55","",NA,"Location 5",NA,"Normal","False","Normal",2
"Event 32","8/31/2016","10:00:00 AM","8/31/2016","11:00:00 AM","False","True","8/31/2016","9:45:00 AM","Person 11","Person 5;Person 3;Person 24;Person 54;Person 6;Person 58;Person 9;Person 30;Person 1;Person 13;Person 52;Person 51;Person 55","",NA,"Location 5",NA,"Normal","False","Normal",2
"Event 32","9/7/2016","10:00:00 AM","9/7/2016","11:00:00 AM","False","True","9/7/2016","9:45:00 AM","Person 11","Person 5;Person 3;Person 24;Person 54;Person 6;Person 58;Person 9;Person 30;Person 1;Person 13;Person 52;Person 51;Person 55","",NA,"Location 5",NA,"Normal","False","Normal",2
"Event 32","9/14/2016","10:00:00 AM","9/14/2016","11:00:00 AM","False","True","9/14/2016","9:45:00 AM","Person 11","Person 5;Person 3;Person 24;Person 54;Person 6;Person 58;Person 9;Person 30;Person 1;Person 13;Person 52;Person 51;Person 55","",NA,"Location 5",NA,"Normal","False","Normal",2
"Event 32","9/21/2016","10:00:00 AM","9/21/2016","11:00:00 AM","False","True","9/21/2016","9:45:00 AM","Person 11","Person 5;Person 3;Person 24;Person 54;Person 6;Person 58;Person 9;Person 30;Person 1;Person 13;Person 52;Person 51;Person 55","",NA,"Location 5",NA,"Normal","False","Normal",2
"Event 32","9/28/2016","10:00:00 AM","9/28/2016","11:00:00 AM","False","True","9/28/2016","9:45:00 AM","Person 11","Person 5;Person 3;Person 24;Person 54;Person 6;Person 58;Person 9;Person 30;Person 1;Person 13;Person 52;Person 51;Person 55","",NA,"Location 5",NA,"Normal","False","Normal",2
"Event 32","10/5/2016","10:00:00 AM","10/5/2016","11:00:00 AM","False","True","10/5/2016","9:45:00 AM","Person 11","Person 5;Person 3;Person 24;Person 54;Person 6;Person 58;Person 9;Person 30;Person 1;Person 13;Person 52;Person 51;Person 55","",NA,"Location 5",NA,"Normal","False","Normal",2
"Event 32","10/12/2016","10:00:00 AM","10/12/2016","11:00:00 AM","False","True","10/12/2016","9:45:00 AM","Person 11","Person 5;Person 3;Person 24;Person 54;Person 6;Person 58;Person 9;Person 30;Person 1;Person 13;Person 52;Person 51;Person 55","",NA,"Location 5",NA,"Normal","False","Normal",2
"Event 32","10/19/2016","10:00:00 AM","10/19/2016","11:00:00 AM","False","True","10/19/2016","9:45:00 AM","Person 11","Person 5;Person 3;Person 24;Person 54;Person 6;Person 58;Person 9;Person 30;Person 1;Person 13;Person 52;Person 51;Person 55","",NA,"Location 5",NA,"Normal","False","Normal",2
"Event 32","10/26/2016","10:00:00 AM","10/26/2016","11:00:00 AM","False","True","10/26/2016","9:45:00 AM","Person 11","Person 5;Person 3;Person 24;Person 54;Person 6;Person 58;Person 9;Person 30;Person 1;Person 13;Person 52;Person 51;Person 55","",NA,"Location 5",NA,"Normal","False","Normal",2
"Event 32","11/2/2016","10:00:00 AM","11/2/2016","11:00:00 AM","False","True","11/2/2016","9:45:00 AM","Person 11","Person 5;Person 3;Person 24;Person 54;Person 6;Person 58;Person 9;Person 30;Person 1;Person 13;Person 52;Person 51;Person 55","",NA,"Location 5",NA,"Normal","False","Normal",2
"Event 32","11/9/2016","10:00:00 AM","11/9/2016","11:00:00 AM","False","True","11/9/2016","9:45:00 AM","Person 11","Person 5;Person 3;Person 24;Person 54;Person 6;Person 58;Person 9;Person 30;Person 1;Person 13;Person 52;Person 51;Person 55","",NA,"Location 5",NA,"Normal","False","Normal",2
"Event 32","11/16/2016","10:00:00 AM","11/16/2016","11:00:00 AM","False","True","11/16/2016","9:45:00 AM","Person 11","Person 5;Person 3;Person 24;Person 54;Person 6;Person 58;Person 9;Person 30;Person 1;Person 13;Person 52;Person 51;Person 55","",NA,"Location 5",NA,"Normal","False","Normal",2
"Event 32","11/23/2016","10:00:00 AM","11/23/2016","11:00:00 AM","False","True","11/23/2016","9:45:00 AM","Person 11","Person 5;Person 3;Person 24;Person 54;Person 6;Person 58;Person 9;Person 30;Person 1;Person 13;Person 52;Person 51;Person 55","",NA,"Location 5",NA,"Normal","False","Normal",2
"Event 32","11/30/2016","10:00:00 AM","11/30/2016","11:00:00 AM","False","True","11/30/2016","9:45:00 AM","Person 11","Person 5;Person 3;Person 24;Person 54;Person 6;Person 58;Person 9;Person 30;Person 1;Person 13;Person 52;Person 51;Person 55","",NA,"Location 5",NA,"Normal","False","Normal",2
"Event 32","12/7/2016","10:00:00 AM","12/7/2016","11:00:00 AM","False","True","12/7/2016","9:45:00 AM","Person 11","Person 5;Person 3;Person 24;Person 54;Person 6;Person 58;Person 9;Person 30;Person 1;Person 13;Person 52;Person 51;Person 55","",NA,"Location 5",NA,"Normal","False","Normal",2
"Event 32","12/14/2016","10:00:00 AM","12/14/2016","11:00:00 AM","False","True","12/14/2016","9:45:00 AM","Person 11","Person 5;Person 3;Person 24;Person 54;Person 6;Person 58;Person 9;Person 30;Person 1;Person 13;Person 52;Person 51;Person 55","",NA,"Location 5",NA,"Normal","False","Normal",2
"Event 32","12/21/2016","10:00:00 AM","12/21/2016","11:00:00 AM","False","True","12/21/2016","9:45:00 AM","Person 11","Person 5;Person 3;Person 24;Person 54;Person 6;Person 58;Person 9;Person 30;Person 1;Person 13;Person 52;Person 51;Person 55","",NA,"Location 5",NA,"Normal","False","Normal",2
"Event 32","12/28/2016","10:00:00 AM","12/28/2016","11:00:00 AM","False","True","12/28/2016","9:45:00 AM","Person 11","Person 5;Person 3;Person 24;Person 54;Person 6;Person 58;Person 9;Person 30;Person 1;Person 13;Person 52;Person 51;Person 55","",NA,"Location 5",NA,"Normal","False","Normal",2
"Event 32","1/4/2017","10:00:00 AM","1/4/2017","11:00:00 AM","False","True","1/4/2017","9:45:00 AM","Person 11","Person 5;Person 3;Person 24;Person 54;Person 6;Person 58;Person 9;Person 30;Person 1;Person 13;Person 52;Person 51;Person 55","",NA,"Location 5",NA,"Normal","False","Normal",2
"Event 32","8/3/2016","10:00:00 AM","8/3/2016","11:00:00 AM","False","False","1/11/2017","9:45:00 AM","Person 11","Person 5;Person 3;Person 24;Person 54;Person 6;Person 58;Person 9;Person 30;Person 1;Person 13;Person 52;Person 51;Person 55","",NA,"Location 5",NA,"Normal","False","Normal",2
"Event 32","1/18/2017","10:00:00 AM","1/18/2017","11:00:00 AM","False","True","1/18/2017","9:45:00 AM","Person 11","Person 5;Person 3;Person 24;Person 54;Person 6;Person 58;Person 9;Person 30;Person 1;Person 13;Person 52;Person 51;Person 55","",NA,"Location 5",NA,"Normal","False","Normal",2
"Event 32","11/9/2016","10:00:00 AM","11/9/2016","11:00:00 AM","False","False","1/25/2017","9:45:00 AM","Person 11","Person 5;Person 3;Person 24;Person 54;Person 6;Person 58;Person 9;Person 30;Person 1;Person 13;Person 52;Person 51;Person 55","",NA,"Location 2",NA,"Normal","False","Normal",2
"Event 32","2/1/2017","10:00:00 AM","2/1/2017","11:00:00 AM","False","True","2/1/2017","9:45:00 AM","Person 11","Person 5;Person 3;Person 24;Person 54;Person 6;Person 58;Person 9;Person 30;Person 1;Person 13;Person 52;Person 51;Person 55","",NA,"Location 5",NA,"Normal","False","Normal",2
"Event 32","2/8/2017","10:00:00 AM","2/8/2017","11:00:00 AM","False","True","2/8/2017","9:45:00 AM","Person 11","Person 5;Person 3;Person 24;Person 54;Person 6;Person 58;Person 9;Person 30;Person 1;Person 13;Person 52;Person 51;Person 55","",NA,"Location 5",NA,"Normal","False","Normal",2
"Event 32","2/15/2017","10:00:00 AM","2/15/2017","11:00:00 AM","False","True","2/15/2017","9:45:00 AM","Person 11","Person 5;Person 3;Person 24;Person 54;Person 6;Person 58;Person 9;Person 30;Person 1;Person 13;Person 52;Person 51;Person 55","",NA,"Location 5",NA,"Normal","False","Normal",2
"Event 228","11/23/2016","10:00:00 AM","11/23/2016","11:00:00 AM","False","False","2/22/2017","9:45:00 AM","Person 11","Person 5;Person 3;Person 24;Person 54;Person 6;Person 58;Person 9;Person 30;Person 1;Person 13;Person 52;Person 51;Person 55","",NA,"Location 5",NA,"High","False","Normal",3
"Event 229","8/3/2016","1:00:00 PM","8/3/2016","1:30:00 PM","False","False","8/3/2016","12:45:00 PM","Person 12","Person 79;Person 5;Person 1;Person 30;Person 13","",NA,"Location 49",NA,"Normal","False","Normal",2
"Event 230","8/16/2016","12:00:00 PM","8/16/2016","1:00:00 PM","False","True","8/16/2016","11:45:00 AM","Person 24","Person 30;Person 58;Person 5;Person 13;Person 1;Person 54;Person 55;Person 3;Person 6;Person 9;Person 11;Person 52;Person 51;Person 65;Person 92","",NA,"Location 5",NA,"Normal","False","Normal",2
"Event 230","8/30/2016","12:00:00 PM","8/30/2016","1:00:00 PM","False","True","8/30/2016","11:45:00 AM","Person 24","Person 30;Person 58;Person 5;Person 13;Person 1;Person 54;Person 55;Person 3;Person 6;Person 9;Person 11;Person 52;Person 51;Person 65;Person 92","",NA,"Location 5",NA,"Normal","False","Normal",2
"Event 230","9/13/2016","12:00:00 PM","9/13/2016","1:00:00 PM","False","True","9/13/2016","11:45:00 AM","Person 24","Person 30;Person 58;Person 5;Person 13;Person 1;Person 54;Person 55;Person 3;Person 6;Person 9;Person 11;Person 52;Person 51;Person 65;Person 92","",NA,"Location 5",NA,"Normal","False","Normal",2
"Event 230","9/27/2016","12:00:00 PM","9/27/2016","1:00:00 PM","False","True","9/27/2016","11:45:00 AM","Person 24","Person 30;Person 58;Person 5;Person 13;Person 1;Person 54;Person 55;Person 3;Person 6;Person 9;Person 11;Person 52;Person 51;Person 65;Person 92","",NA,"Location 5",NA,"Normal","False","Normal",2
"Event 230","10/11/2016","12:00:00 PM","10/11/2016","1:00:00 PM","False","True","10/11/2016","11:45:00 AM","Person 24","Person 30;Person 58;Person 5;Person 13;Person 1;Person 54;Person 55;Person 3;Person 6;Person 9;Person 11;Person 52;Person 51;Person 65;Person 92","",NA,"Location 5",NA,"Normal","False","Normal",2
"Event 230","10/25/2016","12:00:00 PM","10/25/2016","1:00:00 PM","False","True","10/25/2016","11:45:00 AM","Person 24","Person 30;Person 58;Person 5;Person 13;Person 1;Person 54;Person 55;Person 3;Person 6;Person 9;Person 11;Person 52;Person 51;Person 65;Person 92","",NA,"Location 5",NA,"Normal","False","Normal",2
"Event 230","11/8/2016","12:00:00 PM","11/8/2016","1:00:00 PM","False","True","11/8/2016","11:45:00 AM","Person 24","Person 30;Person 58;Person 5;Person 13;Person 1;Person 54;Person 55;Person 3;Person 6;Person 9;Person 11;Person 52;Person 51;Person 65;Person 92","",NA,"Location 5",NA,"Normal","False","Normal",2
"Event 230","11/22/2016","12:00:00 PM","11/22/2016","1:00:00 PM","False","True","11/22/2016","11:45:00 AM","Person 24","Person 30;Person 58;Person 5;Person 13;Person 1;Person 54;Person 55;Person 3;Person 6;Person 9;Person 11;Person 52;Person 51;Person 65;Person 92","",NA,"Location 5",NA,"Normal","False","Normal",2
"Event 230","12/6/2016","12:00:00 PM","12/6/2016","1:00:00 PM","False","True","12/6/2016","11:45:00 AM","Person 24","Person 30;Person 58;Person 5;Person 13;Person 1;Person 54;Person 55;Person 3;Person 6;Person 9;Person 11;Person 52;Person 51;Person 65;Person 92","",NA,"Location 5",NA,"Normal","False","Normal",2
"Event 230","12/20/2016","12:00:00 PM","12/20/2016","1:00:00 PM","False","True","12/20/2016","11:45:00 AM","Person 24","Person 30;Person 58;Person 5;Person 13;Person 1;Person 54;Person 55;Person 3;Person 6;Person 9;Person 11;Person 52;Person 51;Person 65;Person 92","",NA,"Location 5",NA,"Normal","False","Normal",2
"Event 230","1/3/2017","12:00:00 PM","1/3/2017","1:00:00 PM","False","True","1/3/2017","11:45:00 AM","Person 24","Person 30;Person 58;Person 5;Person 13;Person 1;Person 54;Person 55;Person 3;Person 6;Person 9;Person 11;Person 52;Person 51;Person 65;Person 92","",NA,"Location 5",NA,"Normal","False","Normal",2
"Event 230","1/17/2017","12:00:00 PM","1/17/2017","1:00:00 PM","False","True","1/17/2017","11:45:00 AM","Person 24","Person 30;Person 58;Person 5;Person 13;Person 1;Person 54;Person 55;Person 3;Person 6;Person 9;Person 11;Person 52;Person 51;Person 65;Person 92","",NA,"Location 5",NA,"Normal","False","Normal",2
"Event 230","1/31/2017","12:00:00 PM","1/31/2017","1:00:00 PM","False","True","1/31/2017","11:45:00 AM","Person 24","Person 30;Person 58;Person 5;Person 13;Person 1;Person 54;Person 55;Person 3;Person 6;Person 9;Person 11;Person 52;Person 51;Person 65;Person 92","",NA,"Location 5",NA,"Normal","False","Normal",2
"Event 230","2/14/2017","12:00:00 PM","2/14/2017","1:00:00 PM","False","True","2/14/2017","11:45:00 AM","Person 24","Person 30;Person 58;Person 5;Person 13;Person 1;Person 54;Person 55;Person 3;Person 6;Person 9;Person 11;Person 52;Person 51;Person 65;Person 92","",NA,"Location 5",NA,"Normal","False","Normal",2
"Event 231","8/1/2016","10:00:00 AM","8/1/2016","11:00:00 AM","False","False","8/1/2016","9:45:00 AM","Person 31","Person 21;Person 1;Person 97","",NA,"Location 5",NA,"Normal","False","Normal",1
"Event 232","8/4/2016","1:15:00 PM","8/4/2016","2:00:00 PM","False","False","8/4/2016","1:00:00 PM","Person 31","Person 32;Person 7;Person 8;Person 9;Person 98;Person 1;Person 99","Person 13;Person 97;Person 21;Person 56;Person 15;Person 37",NA,"Location 5",NA,"Normal","False","Normal",2
"Event 233","8/3/2016","4:00:00 PM","8/3/2016","4:30:00 PM","False","False","8/3/2016","3:45:00 PM","Person 31","Person 8;Person 9;Person 98;Person 1;Person 99;Person 5","",NA,"Location 5",NA,"Normal","False","Normal",2
"Event 234","8/3/2016","3:00:00 PM","8/3/2016","4:00:00 PM","False","False","8/3/2016","2:45:00 PM","Person 31","Person 11;Person 7;Person 8;Person 9;Person 98;Person 1;Person 99","Person 30;Person 97;Person 21;Person 56",NA,"Location 5",NA,"Normal","False","Normal",2
"Event 235","8/3/2016","2:00:00 PM","8/3/2016","3:00:00 PM","False","False","8/3/2016","1:45:00 PM","Person 31","Person 36;Person 37;Person 7;Person 8;Person 9;Person 98;Person 1;Person 99","",NA,"Location 5",NA,"Normal","False","Normal",2
"Event 236","8/4/2016","3:00:00 PM","8/4/2016","4:00:00 PM","False","False","8/4/2016","2:45:00 PM","Person 31","Person 7;Person 8;Person 9;Person 98;Person 1;Person 15;Person 2","Person 13;Person 97;Person 21;Person 56",NA,"Location 5",NA,"Normal","False","Normal",2
"Event 237","8/1/2016","3:30:00 PM","8/1/2016","4:30:00 PM","False","False","8/1/2016","3:15:00 PM","Person 31","Person 7;Person 8;Person 9;Person 98;Person 1;Person 99;Person 89;Person 30","Person 97;Person 21;Person 56",NA,"Location 5",NA,"Normal","False","Normal",1
"Event 238","8/1/2016","2:30:00 PM","8/1/2016","3:15:00 PM","False","False","8/1/2016","2:15:00 PM","Person 31","Person 7;Person 8;Person 9;Person 98;Person 1;Person 99;Person 30","Person 97;Person 21;Person 56",NA,"Location 5",NA,"Normal","False","Normal",2
"Event 239","2/23/2017","4:30:00 PM","2/23/2017","5:00:00 PM","False","False","2/23/2017","4:15:00 PM","Person 1","Person 14;Person 5;Person 51","Person 22;Person 36",NA,"Location 8",NA,"Normal","False","Normal",2
"Event 240","2/23/2017","11:00:00 AM","2/23/2017","11:30:00 AM","False","False","2/23/2017","10:45:00 AM","Person 11","Person 1","",NA,NA,NA,"Normal","False","Normal",2
"Event 241","2/23/2017","4:30:00 PM","2/23/2017","5:00:00 PM","False","False","2/23/2017","4:15:00 PM","Person 1","Person 51;Person 5","",NA,"Location 4",NA,"Normal","False","Normal",2
"Event 242","2/22/2017","11:00:00 AM","2/22/2017","11:30:00 AM","False","False","2/22/2017","10:45:00 AM","Person 1","","",NA,NA,NA,"Normal","False","Normal",2
"Event 243","2/22/2017","2:30:00 PM","2/22/2017","3:00:00 PM","False","False","2/22/2017","2:25:00 PM","Person 3","Person 1","",NA,"Location 23",NA,"Normal","False","Normal",2
"Event 244","2/23/2017","1:00:00 PM","2/23/2017","3:30:00 PM","False","False","2/23/2017","12:45:00 PM","Person 1","","",NA,NA,NA,"Normal","False","Normal",3
